{
  "manifest": [
      {
         "key":"mods/tactical/tactical_urx_kac_panel_short_cinnamoroll.bundle",
         "dependencyKeys":[
            "assets/commonassets/physics/physicsmaterials.bundle",
            "mods/tactical/tactical_urx_kac_panel_short_gloss_nrm_cinnamoroll.bundle",
            "mods/tactical/tactical_urx_kac_panel_short_textures_cinnamoroll.bundle",
            "cubemaps",
            "shaders"
         ]
      },
      {
         "key":"mods/tactical/tactical_urx_kac_panel_short_gloss_nrm_cinnamoroll.bundle",
         "dependencyKeys":[
         ]
      },
      {
         "key":"mods/tactical/tactical_urx_kac_panel_short_textures_cinnamoroll.bundle",
         "dependencyKeys":[
         ]
      },
      {
         "key":"mods/scopes/scope_30mm_eotech_vudu_1_6x24_cinnamoroll.bundle",
         "dependencyKeys":[
            "assets/commonassets/physics/physicsmaterials.bundle",
            "assets/content/textures/holemanager/round_spec_mask.bundle",
            "assets/systems/effects/opticsight/opticsightsmasks.bundle",
            "cubemaps",
            "packages/com.unity.postprocessing/postprocessing/postprocessresources.bundle",
            "shaders"
         ]
      },
      {
         "key":"mods/mounts/mount_base_aimpoint_h1_t1_spacer_cinnamoroll.bundle",
         "dependencyKeys":[
            "assets/commonassets/physics/physicsmaterials.bundle",
            "mods/mounts/mount_all_aimpoint_h1_t1_weaver_textures_cinnamoroll.bundle",
            "cubemaps",
            "shaders"
         ]
      },
      {
         "key":"mods/mounts/mount_all_aimpoint_h1_t1_weaver_textures_cinnamoroll.bundle",
         "dependencyKeys":[
         ]
      },
      {
         "key":"mods/charges/charge_ar15_rainer_arms_avalanche_mod2_cinnamoroll.bundle",
         "dependencyKeys":[
            "assets/commonassets/physics/physicsmaterials.bundle",
            "cubemaps",
            "shaders"
         ]
      },
      {
         "key":"mods/gasblock/gas_block_ar15_dd_mk12_low_profile_cinnamoroll.bundle",
         "dependencyKeys":[
            "assets/commonassets/physics/physicsmaterials.bundle",
            "cubemaps",
            "shaders"
         ]
      },
      {
         "key":"mods/magazines/mag_stanag_magpul_pmag_gen_m3_556x45_30_cinnamoroll.bundle",
         "dependencyKeys":[
            "assets/commonassets/physics/physicsmaterials.bundle",
            "assets/content/items/mods/magazines/mag_stanag_magpul_pmag_gen_m3_556x45_30_gloss_nrm",
            "assets/content/items/mods/magazines/mag_stanag_magpul_pmag_gen_m3_556x45_30_mesh",
            "cubemaps",
            "shaders"
         ]
      },
      {
         "key":"mods/stocks/stock_ar15_vltor_emod_cinnamoroll.bundle",
         "dependencyKeys":[
            "assets/commonassets/physics/physicsmaterials.bundle",
            "cubemaps",
            "shaders"
         ]
      },
      {
         "key":"mods/scopes/scope_base_aimpoint_micro_t1_cinnamoroll.bundle",
         "dependencyKeys":[
            "assets/commonassets/physics/physicsmaterials.bundle",
            "assets/content/textures/holemanager/round_spec_mask.bundle",
            "assets/systems/effects/opticsight/opticsightsmasks.bundle",
            "cubemaps",
            "shaders"
         ]
      },
      {
         "key":"mods/pistol grips/pistolgrip_ar15_f1_firearms_st2_pc_skeletonized_cinnamoroll.bundle",
         "dependencyKeys":[
            "assets/commonassets/physics/physicsmaterials.bundle",
            "cubemaps",
            "shaders"
         ]
      },
      {
         "key":"mods/foregrips/foregrip_all_bcm_mod_3_cinnamoroll.bundle",
         "dependencyKeys":[
            "assets/commonassets/physics/physicsmaterials.bundle",
            "cubemaps",
            "shaders"
         ]
      },
      {
         "key":"m4a1_cinnamoroll/textures/client_assets.bundle",
         "dependencyKeys":[
         ]
      },
      {
         "key":"m4a1_cinnamoroll/client_assets.bundle",
         "dependencyKeys":[
            "m4a1_cinnamoroll/textures/client_assets.bundle",
            "cubemaps",
            "shaders"
         ]
      },
      {
         "key":"m4a1_cinnamoroll/weapon_colt_m4a1_556x45_container.bundle",
         "dependencyKeys":[
            "assets/commonassets/physics/physicsmaterials.bundle",
            "assets/content/audio/banks/m4a1.bundle",
            "assets/content/audio/blendoptions/assets.bundle",
            "assets/content/audio/weapons/ak74.bundle",
            "assets/content/audio/weapons/generic",
            "assets/content/audio/weapons/m4a1.bundle",
            "assets/content/weapons/additional_hands/client_assets.bundle",
            "assets/content/weapons/animations/simple_animations.bundle",
            "assets/content/weapons/animations/spirit_animations.bundle",
            "m4a1_cinnamoroll/client_assets.bundle",
            "m4a1_cinnamoroll/client_assets.bundle",
            "assets/content/weapons/tx15/client_assets.bundle",
            "assets/content/weapons/tx15/textures/client_assets.bundle",
            "assets/content/weapons/tx15/weapon_lone_star_tx15_designated_marksman_556x45_container.bundle",
            "assets/content/weapons/weapon_root_anim_fix.bundle",
            "assets/content/weapons/wip/kibas tuning prefabs/muzzlejets_templates/default_assets.bundle",
            "assets/systems/effects/heathaze/defaultheathaze.bundle",
            "assets/systems/effects/muzzleflash/muzzleflash.bundle",
            "assets/systems/effects/smoke.bundle",
            "cubemaps",
            "shaders"
         ]
      },
      {
         "key":"mods/recievers/reciever_ar15_noveske_gen3_cinnamoroll.bundle",
         "dependencyKeys":[
            "assets/commonassets/physics/physicsmaterials.bundle",
            "cubemaps",
            "shaders"
         ]
      },
      {
         "key":"mods/handguards/handguard_ar15_kac_urx_3_8_inch_cinnamoroll.bundle",
         "dependencyKeys":[
            "assets/commonassets/physics/physicsmaterials.bundle",
            "mods/handguards/handguard_ar15_kac_urx_3_textures_cinnamoroll.bundle",
            "cubemaps",
            "shaders"
         ]
      },
      {
         "key":"mods/handguards/handguard_ar15_kac_urx_3_8_inch_lower_cinnamoroll.bundle",
         "dependencyKeys":[
            "assets/commonassets/physics/physicsmaterials.bundle",
            "mods/handguards/handguard_ar15_kac_urx_3_textures_cinnamoroll.bundle",
            "cubemaps",
            "shaders"
         ]
      },
      {
         "key":"mods/handguards/handguard_ar15_kac_urx_31_10,75_inch_cinnamoroll.bundle",
         "dependencyKeys":[
            "assets/commonassets/physics/physicsmaterials.bundle",
            "mods/handguards/handguard_ar15_kac_urx_3_textures_cinnamoroll.bundle",
            "cubemaps",
            "shaders"
         ]
      },
      {
         "key":"mods/handguards/handguard_ar15_kac_urx_31_10,75_inch_lower_cinnamoroll.bundle",
         "dependencyKeys":[
            "assets/commonassets/physics/physicsmaterials.bundle",
            "mods/handguards/handguard_ar15_kac_urx_3_textures_cinnamoroll.bundle",
            "cubemaps",
            "shaders"
         ]
      },
      {
         "key":"mods/handguards/handguard_ar15_kac_urx_3_textures_cinnamoroll.bundle",
         "dependencyKeys":[
         ]
      },
      {
         "key":"mods/tactical/tactical_all_insight_anpeq15_cinnamoroll.bundle",
         "dependencyKeys":[
            "assets/commonassets/physics/physicsmaterials.bundle",
            "assets/content/textures/holemanager/glow_particle_bright.bundle",
            "assets/standard assets/effects/lightcookies/textures/flashlightcookie.bundle",
            "assets/systems/effects/collimator.bundle",
            "assets/systems/effects/laserbeam/laser.bundle",
            "assets/systems/effects/multiflare/multiflare.bundle",
            "assets/systems/effects/nightvision.bundle",
            "cubemaps",
            "shaders"
         ]
      }
  ]
}